npub139amxazfa5luagvcufs2gpnnx2gdc2ld6kjag3axs3evfyd65uus2mh097	circle_ay_ugm	U.G.M.	https://circle-ay.info/nostr_icon_from_sankaku.jpg
npub15xw242zqgus4s36xlv8pwn8ewx55ur63h2h5cn5vde204zyct6hs6kfn4n	ompomz	たゃ	https://image.nostr.build/ebb2c9c76f73c3665a22b4d8a33c47851a9f13eb05b9b13e9484323880f4365a.webp
npub1nl5772lf0jlwe3mwgwu05mf2p6yf6nvqunj69thvjkw8juhad6ys4c64gx	NI57721	NI57721	https://raw.githubusercontent.com/NI57721/NI57721/refs/heads/main/assets/icon-512.png
npub15ttxzgfcf2yr0xc0zcggdty5v58n388jgnryl5xjpykzex9mwcfsfpuj93	zitrus.haus	シトラス	//@zitrus.haus.?
npub1k0jrarx8um0lyw3nmysn50539ky4k8p7gfgzgrsvn8d7lccx3d0s38dczd	kojira	kojira	https://kojira.io/kojira.webp
npub10hqkwugj7p027j250qr9gwcuqpkwxftj0rjjk8y6hlmryu8dwp8s2runf2	triangle358	逆砂 参角	https://raw.githubusercontent.com/invertedtriangle358/images/refs/heads/main/Sankaku/Sankaku_icon2026(light-size).jpg
npub1kurad0nlm8xfuxhws05pcwv5z4k0ea6da4dsjygexr77a666pssqsftsm7	𓃠	αυγοτάραχο σολωμου	https://i.floppy.media/de3217a4ad02fdd17d2e1491cebef234.jpeg
npub1yxkzj4smth5sehppn90uqur4yhxh3j999krhyx4ks8favzw3ut0se4m7cp	betoneto	べったん	https://nokakoi.com/media/avatar.webp
npub1jnxfcwx0xcelgsv4u4q360qg6fj3t7q3rcnnd2qmej8zh5cskptsug75r3	Vivao	ビバオ	https://image.nostr.build/02ad36f6587d5b5316b10c38ca0661b23fb4f192b75586235c45733e3c9e1843.jpg
npub1sjcvg64knxkrt6ev52rywzu9uzqakgy8ehhk8yezxmpewsthst6sw3jqcw	mono	もの💪₍   ･ᴗ･   ₎:souji_site2:	https://share.yabu.me/84b0c46ab699ac35eb2ca286470b85e081db2087cdef63932236c397417782f5/28fa4d999af6ae3e4e11bfc2727130ef1b3a13cc0f981e5a93c3996cb2f524e5.webp
npub1ya9zaph357ktgkcp72gzsj358sjgewgnvaa584lhv9d4zvv5mzcq67kj0m	🧂	しお	https://image.nostr.build/310f03117762db831a2dd96bdca76ef91a79286c4b4e92b865c8c461d7d09b9a.jpg
npub1zfw3yuyprlahmxj2eq4gdztcp00z92ul08nq3her5ytg8mh9m9sq9awvln	sugishun	sugishun	https://imgswitcher-ten.vercel.app/image.jpg
npub1ef2auczkr2kwa8p3747ft0dvq944k56222prxkxx6x975t8xvfts8l6e8d	kuuote	空	https://cdn.nostrcheck.me/ca55de60561aacee9c31f57c95bdac016b5b534a52823358c6d18bea2ce66257/fdee37b8222ade268e17b82f32cb1e58f2e546e92916fbf84146c511a7eba851.webp
npub1937vv2nf06360qn9y8el6d8sevnndy7tuh5nzre4gj05xc32tnwqauhaj6	mattn	mattn	https://image.nostr.build/1baac39fc410daa02b0b336a9e2e4c16d964d41aba3fae19794ac8f56875464a.jpg
npub168ghgug469n4r2tuyw05dmqhqv5jcwm7nxytn67afmz8qkc4a4zqsu2dlc	jiftechnify	かすてらふぃ🍁	https://pubimgs.c-stellar.net/leaf_fall_c.webp
npub1m78s5eqv8l7snc5nnxdvlgue6pt5epgplndtem99quhwyptas7jss2qx53		A fool entered nsec into AI	
npub1m0ctane5sdszuwnnx3ff2nf3x2xeya8c8u87jy82p805nddsh5ssc66ndf	high-moctane	灰木炭	https://moctane.net/data/moctane.png
npub1q7qyk7rvdga5qzmmyrvmlj29qd0n45snmfuhkrzsj4rk0sm4c4psvqwt9c	darashi	darashi	https://avatars.githubusercontent.com/u/2363?v=4
npub19ju2u4sduewta4hxl22kke7se8yxm2puytzw47lr6y999pxnpjaqtjjfxj		Suspended Account	
npub1s34hvwcjxnzk2tc7xfl9j4cdedjnt5kjqkyuvlp2n2gtxg6nnm9qldp90r	nobody		
npub1lcu8ts0fe2h05p2ft48pyr8wgkdzs7juzwq935z95q4teyhujtcs8sp00g	hfpwip	ほげ	https://cdn.nostrcheck.me/fe3875c1e9caaefa05495d4e120cee459a287a5c138058d045a02abc92fc92f1/708a49ca2c306822bcc15e7ad189170aa6139f5fea4a0e7d97f5d0cb934d6e8b.webp
npub1uchj055pfgj3w8zxd5khvy4drgrxmvfk9d8zt8d4cpm0ne4jrjms30u6q9			
npub17syr9cntr5f03gnhz7mqdxtt4mmgh39khpky5dw2sflkl09l2y0qra94wl	erechorse	電子馬⚡️🏇(DenshiUma)	https://i.gyazo.com/6d3f60681f9cfa93d890faaef0ab3cbb.jpg
npub1xgcsn9lkkdake4stk9dz36dpfwkam7lssad8mcjvdyfr5rq7vnxqq2sgy4	showV3	ひゅうが霄	https://showhyuga.pages.dev/nostricon/hyufig1.png
npub1ac087fl6q629ghnwmjcmnqcw7pp6whkkua4s5pkq4t7vawv29q8qslfqjh	caz0617	はぐれらんちうぐれらんちう	https://tgkzmdd.work/nostrimg/profile/prof22_ranchiu.jpg
npub1vd5lhq47c4pzd0cfhvm9kmcdwxckcs04deldl48e0h3rl8pjs8dq6g5jwe	kikuuuty	kikuuuty	https://i.imgur.com/2xAsZeI.png
npub1s2es6vzyg9cwd2xgr85yqm3k9gmf2322gctcjn8zwphnssxxcqpsw829jv	natsuki	那月	https://share.yabu.me/82b30d30444170e6a8c819e8406e362a3695454a4617894ce2706f3840c6c003/f7985fc23aa59789f93f70b367dc2fa208dabe82dcd4593058f3a4702dd1ccb7.webp
npub1yvu4hns6rrl9ladau9fle4r7e5wdvmngv6zdl5k0e0vl4lfstjesxtv74p	MAGAMAGA	USA	https://nostr.build/i/ae39c3c07f6b40096b6bd05a8ac0f024d911c6a3425dfe4beec468e427989707.jpg
npub1atasshx8zs6hh0vgwxmzz7qr8xh9f6zqvmrmzks32dkh6gafautql9jfew	atasinti3	横っ飛びのatasinti	https://atasinti.chu.jp/atasinti-nostr4a.jpg
npub10et8tts7292amz8g6m73y3mtrkszj9gm2x7hylpt846psfp2wssse6j8ps	diacisne/ディアさん	diacisne/ディアさん	https://pbs.twimg.com/profile_images/1513085647418171393/e4Vei6Vm_400x400.jpg
npub1e3kjgp36m85j3fp5c6c9vmmdylf3mg88mrwvxyjp4uln8qkflclsn7eng7	sypwmz		https://image.nostr.build/c26fffa9a29a30788022c856ab1f0b283bbed51b4db02aa3bae0d7efabd01a27.jpg
npub1l60d6h2uvdwa9yq0r7r2suhgrnsadcst6nsx2j03xwhxhu2cjyascejxe5	shino3（しのさん）	shino3（しのさん）	https://shino3.net/icon.jpg
