note1h0mtu22x7t83fyylp4q5vl3q2p38z4hs53jhnnhds0dmdcjv0lmsty5fdg	npub1937vv2nf06360qn9y8el6d8sevnndy7tuh5nzre4gj05xc32tnwqauhaj6
note1z2fv2hslhpp830umnsz7r62kxahw9gu7x8jgsr85r7nep97tf9dqmf2rtm	npub168ghgug469n4r2tuyw05dmqhqv5jcwm7nxytn67afmz8qkc4a4zqsu2dlc
note13ker4g2whq2h7uupspzkvfvfl368q7ahp5hljsjn5flhs4thr6tsncgjfz	npub15ttxzgfcf2yr0xc0zcggdty5v58n388jgnryl5xjpykzex9mwcfsfpuj93
note1sexj83jtw34g6cnfekjwjvuqvmxld4uq6sm48qu7xfvlzcd6yjlshg7q6a	npub1yxkzj4smth5sehppn90uqur4yhxh3j999krhyx4ks8favzw3ut0se4m7cp
note1jjqzah7xyr32hcqxgajalvejy7gj5uahggx4hvc700qn6xeqq0hsxau5aw	npub1k0jrarx8um0lyw3nmysn50539ky4k8p7gfgzgrsvn8d7lccx3d0s38dczd
note1jql7uc7t2nm3myqwaasp6znu9lgymxu080k2rcua89xu9fr9w29s3gashd	npub1m78s5eqv8l7snc5nnxdvlgue6pt5epgplndtem99quhwyptas7jss2qx53
note1xuzjf7maqal0jyr98mky8a3keearp0yrrfxp2z8thjue27hyfsfstfgudg	npub10hqkwugj7p027j250qr9gwcuqpkwxftj0rjjk8y6hlmryu8dwp8s2runf2
note1k5m08u27ttp0e50x0pnjmncchf5uzsw74q0fyah4j0h3yzntysvqrvat2y	npub139amxazfa5luagvcufs2gpnnx2gdc2ld6kjag3axs3evfyd65uus2mh097
note1yuznjc4w3lumjfggvyrygn40twzl7lfdqeg40tzxptnhjlxurl6qyhl7lw	npub139amxazfa5luagvcufs2gpnnx2gdc2ld6kjag3axs3evfyd65uus2mh097
note12l3755ap6d9cj2s73nzetxs9y75rm7538quyahl5u4sm4wz4909q4jtwdc	npub139amxazfa5luagvcufs2gpnnx2gdc2ld6kjag3axs3evfyd65uus2mh097
note1swfed0ehz8tdfcle6e68z4eu8mnqve0qmr52pvwjzsmtxtvrcqeqfm353g	npub1k0jrarx8um0lyw3nmysn50539ky4k8p7gfgzgrsvn8d7lccx3d0s38dczd
note1n8ed47ztwd952z73r402cdnsrzx0qlc2s2tukad0v5gdsfh8xzwsw04mtc	npub1m0ctane5sdszuwnnx3ff2nf3x2xeya8c8u87jy82p805nddsh5ssc66ndf
note15vt0qkxjwfeh09hkkv6cq8s0g2m98q36j0qw5jjlctr02r74jhyq4g8799	npub1jnxfcwx0xcelgsv4u4q360qg6fj3t7q3rcnnd2qmej8zh5cskptsug75r3
note13q3ug0lneua6ejpj83cnha7q5865nmu8xlu3wsa2ks2v95nrg5fs9vnpsc	npub15xw242zqgus4s36xlv8pwn8ewx55ur63h2h5cn5vde204zyct6hs6kfn4n
note1uxqhwq309g0dv2gx4rjatvzhpgr2wuj48q7a8jueckjquaq3ersqkpvmnk	npub1jnxfcwx0xcelgsv4u4q360qg6fj3t7q3rcnnd2qmej8zh5cskptsug75r3
note1ha60fu80gwrjf5335l4e84emrdenjtr7mgr6sjmgzu2dkjtnp3cqfydvrm	npub1q7qyk7rvdga5qzmmyrvmlj29qd0n45snmfuhkrzsj4rk0sm4c4psvqwt9c
note1ygn6kw9jl5uj99pnmzlgwwuuuzz59j0pxuz686pvdxmc70525x5sdj23r6	npub1sjcvg64knxkrt6ev52rywzu9uzqakgy8ehhk8yezxmpewsthst6sw3jqcw
note1qa24aaqawrl04clkpa5akpnmm8vkmv0twn8whmc0v5s5tlk5h36sjx4wmf	npub10hqkwugj7p027j250qr9gwcuqpkwxftj0rjjk8y6hlmryu8dwp8s2runf2
note15gkz6w3qx6w9kfyjx72paftzv8vmfeu68hzna5n0ykgtmwwfedwsuycwdf	npub15xw242zqgus4s36xlv8pwn8ewx55ur63h2h5cn5vde204zyct6hs6kfn4n
note1lptsxma4q5p0cr74fyqmw9cpgup8wp04xzdksg2neptd3rq0ae2syggy0s	npub15ttxzgfcf2yr0xc0zcggdty5v58n388jgnryl5xjpykzex9mwcfsfpuj93
note1egcp9e482fnap3r2pfq6ues959934p6nxzywnmfs2f4036ae3jfqa6dh30	npub19ju2u4sduewta4hxl22kke7se8yxm2puytzw47lr6y999pxnpjaqtjjfxj
note1cemkephj7yse2gcfqcv5pmwetr5hdm6ugact4cgkdnvwgn02raashnlsn8	npub10hqkwugj7p027j250qr9gwcuqpkwxftj0rjjk8y6hlmryu8dwp8s2runf2
note1gcn9tfzcrt5yh6xd8ausrx9fyeg6jpctcujd9uq2jnvpdhdrtcwsn5egpy	npub15ttxzgfcf2yr0xc0zcggdty5v58n388jgnryl5xjpykzex9mwcfsfpuj93
note1p2xemukn86qcxfkj973qaw3lx2qfrg34p88us405jf4hnqf6lchqyp4n68	npub1s34hvwcjxnzk2tc7xfl9j4cdedjnt5kjqkyuvlp2n2gtxg6nnm9qldp90r
note1dpvda5v8tzme7887frcam8c5ga5v2fjvpq6xeq5mmlfch6af58mqp4sl9f	npub139amxazfa5luagvcufs2gpnnx2gdc2ld6kjag3axs3evfyd65uus2mh097
note17nn5mlmwkxj45fnut6epfekde7cx7gwvceu59jdqgszfqznjpqcqx0asw7	npub1lcu8ts0fe2h05p2ft48pyr8wgkdzs7juzwq935z95q4teyhujtcs8sp00g
note1z8a2k62mplfe980cdc4azd4hyqmd00exvr9jhsqv33t4e2caus5s3kdmr8	npub139amxazfa5luagvcufs2gpnnx2gdc2ld6kjag3axs3evfyd65uus2mh097
note1m4wyja53346uhgxxkqyaewmx2krstknpl0lyelwpnl2mw5g3887sctfsds	npub1sjcvg64knxkrt6ev52rywzu9uzqakgy8ehhk8yezxmpewsthst6sw3jqcw
note19g85zm842jangsxugydehymaf6mrpyh988nkdsfxn40ee57j095qrpvk04	npub1uchj055pfgj3w8zxd5khvy4drgrxmvfk9d8zt8d4cpm0ne4jrjms30u6q9
note1umqd5qc69350k2kvrfvg3dnurwd6stzzwtlmxhe32melnlxze08q2q2vq2	npub17syr9cntr5f03gnhz7mqdxtt4mmgh39khpky5dw2sflkl09l2y0qra94wl
note1h39qzdkrxrlv3wregaemtgh48f3fymkkx5tu33k3ycpk4t03cweq5nft82	npub1xgcsn9lkkdake4stk9dz36dpfwkam7lssad8mcjvdyfr5rq7vnxqq2sgy4
note18xqklnuhypq7vemc9p0cv4cu47tnvhlarqtx04a4rhxchfmlghuqkjnk4n	npub1kurad0nlm8xfuxhws05pcwv5z4k0ea6da4dsjygexr77a666pssqsftsm7
note1pkrydzp3eufn3j4f5zk3tjk7u0dph98t7rfst6qltfufc8dcnfdqvwt54s	npub1ya9zaph357ktgkcp72gzsj358sjgewgnvaa584lhv9d4zvv5mzcq67kj0m
note143ugmqc5jwfc4qcgs0qllee6z5gc63dmc48lxdhz2f3xq36dhkqq22wnqz	npub1ac087fl6q629ghnwmjcmnqcw7pp6whkkua4s5pkq4t7vawv29q8qslfqjh
note1773uc0nz8axky80ma0d8ld06umxtk8hu6welz4vpqec6p0mmamdsr9rzxp	npub1nl5772lf0jlwe3mwgwu05mf2p6yf6nvqunj69thvjkw8juhad6ys4c64gx
note14r049awj7ermp65y94dmzngz4gu06uhtvv6jgujgn5g8vdmrksusq2qgq4	npub15xw242zqgus4s36xlv8pwn8ewx55ur63h2h5cn5vde204zyct6hs6kfn4n
note158n0y29rfwylfd4k7xlg2apfpeys3zjcp227gyck854ezqn83w3s0vwumm	npub139amxazfa5luagvcufs2gpnnx2gdc2ld6kjag3axs3evfyd65uus2mh097
note13uujp7xvc4vzrz47eqpg3qkazywwpz80tfjqwhrscm6apc4vw26sgkd875	npub1k0jrarx8um0lyw3nmysn50539ky4k8p7gfgzgrsvn8d7lccx3d0s38dczd
note1r5ye3lhyck5emqmwfae7eat4psda689m6n3xq57e2709ycsr8xysk8gwd9	npub1nl5772lf0jlwe3mwgwu05mf2p6yf6nvqunj69thvjkw8juhad6ys4c64gx
note132kdf7rq0sardz5tuf5za28jq8rjf9ujkhmctcdqu2aprhmk9tuqzve4fj	npub1vd5lhq47c4pzd0cfhvm9kmcdwxckcs04deldl48e0h3rl8pjs8dq6g5jwe
note1xulcz3g8ul6j3tyy4e4gdykgrenxxqcuk4f8k568q2qgs7zm0h0qgmnhw5	npub1s2es6vzyg9cwd2xgr85yqm3k9gmf2322gctcjn8zwphnssxxcqpsw829jv
note18y5axvpf47pp2we78geuw6dk3f3jwlm2kw6ycf479asn0t5k3lgskdql94	npub1yvu4hns6rrl9ladau9fle4r7e5wdvmngv6zdl5k0e0vl4lfstjesxtv74p
note1c7srevvhlg4469nuhej8qsakfqvekecaln8ud3yqdtc5wv9yckssegxcgd	npub15xw242zqgus4s36xlv8pwn8ewx55ur63h2h5cn5vde204zyct6hs6kfn4n
note1yw6wf6eeupvwrqa4jz3dl9uxkp3n5jx82zvhsvh5yuy3wehwnqtsztnyyw	npub139amxazfa5luagvcufs2gpnnx2gdc2ld6kjag3axs3evfyd65uus2mh097
note1dnukv6yjz2dzqmfcd5mtzx2ja08ygej33efg3nxn6s2hgqrhhd5se0urtw	npub1nl5772lf0jlwe3mwgwu05mf2p6yf6nvqunj69thvjkw8juhad6ys4c64gx
note1ee9c2ekvdslnra7dcfh0mdudgnphhqwlzmy6rs4f2c66rssd243qu4qw0l	npub1yxkzj4smth5sehppn90uqur4yhxh3j999krhyx4ks8favzw3ut0se4m7cp
note19lfzd009dcmde44wuwcny29ay5xklk559qw6fnuax6du6cvv70zsnlx73y	npub139amxazfa5luagvcufs2gpnnx2gdc2ld6kjag3axs3evfyd65uus2mh097
note1slzwursru9mwqh6s9yxqzpfsn04n8qyv6334z56w6qg3fg698rzs9gwgaf	npub139amxazfa5luagvcufs2gpnnx2gdc2ld6kjag3axs3evfyd65uus2mh097
note105l3e7xup5yvmnup2gsqa2ac40j0fva7nwft7r38qsxe4rzraraqzax6mp	npub1zfw3yuyprlahmxj2eq4gdztcp00z92ul08nq3her5ytg8mh9m9sq9awvln
note1xqvapm9knsr0pa6qwrfjzypr0ue3smsgeearm6swm7ulnrc70des3uk00l	npub1kurad0nlm8xfuxhws05pcwv5z4k0ea6da4dsjygexr77a666pssqsftsm7
note1lhu0hpdnk9fa48ke6cqacraak20ckzu6acm9dcdhwnx3tvftzrtqw7e446	npub1zfw3yuyprlahmxj2eq4gdztcp00z92ul08nq3her5ytg8mh9m9sq9awvln
note14r06wjgyc8zajad6ut5k0cm3rhasjq95dysykk83g5f6lkmnmvcs6s0gyq	npub1atasshx8zs6hh0vgwxmzz7qr8xh9f6zqvmrmzks32dkh6gafautql9jfew
note1npa5frmq4k4sjguwmjzx8lth69yy38ggcwng3ue90tw23xslyfzqfpk09l	npub1nl5772lf0jlwe3mwgwu05mf2p6yf6nvqunj69thvjkw8juhad6ys4c64gx
note140t96njjjc0ar43g3jkccd3hn8j905h2puuw3ypesank2q0qhxusutzpzl	npub1ef2auczkr2kwa8p3747ft0dvq944k56222prxkxx6x975t8xvfts8l6e8d
note1kkmk20grxcredzgd74lmsrjd3lrt5jh4mxq5xr69l0ghj76dsu4sj494h9	npub10et8tts7292amz8g6m73y3mtrkszj9gm2x7hylpt846psfp2wssse6j8ps
note18ekgf3x2akvqf2mhnds7xpzpyuc0pvsq3krn7k6jzz0perl5m8dquehyu5	npub15xw242zqgus4s36xlv8pwn8ewx55ur63h2h5cn5vde204zyct6hs6kfn4n
note1t46uyp5ey7lvwv47qlck0ck6zgsgn8rlhy4mj6z5gf0jhk7hn7ksxywree	npub15xw242zqgus4s36xlv8pwn8ewx55ur63h2h5cn5vde204zyct6hs6kfn4n
note1vyv0yammpcxtu4g2erqx4zuezacdnplgmyh3fejsxkv5urfu4hpsydaw7l	npub1e3kjgp36m85j3fp5c6c9vmmdylf3mg88mrwvxyjp4uln8qkflclsn7eng7
note19ah9pg70xwgp4zq3yvd39es33tsf0x8xny8mexqxayh26u62e4qsq6kkup	npub1kurad0nlm8xfuxhws05pcwv5z4k0ea6da4dsjygexr77a666pssqsftsm7
note1rpdx9c6d3v9m64kryn7grp84s4s7wdgdpddvhzqm4n8ngtex8crs3t8hzm	npub139amxazfa5luagvcufs2gpnnx2gdc2ld6kjag3axs3evfyd65uus2mh097
note1hr9ns0qdu4e4n2ez2ca7nzds07u2ywf9568djk0mxpcfarhq4nkq2ngvr0	npub1l60d6h2uvdwa9yq0r7r2suhgrnsadcst6nsx2j03xwhxhu2cjyascejxe5
note1jwudwzucg7q6ly0u54g6qq3cpjw2ppk387j54wq7mdcaukqhekwq3aecrk	npub1ya9zaph357ktgkcp72gzsj358sjgewgnvaa584lhv9d4zvv5mzcq67kj0m
note1fxf0qz3r8jkd8lf0w6lepp95sj2wv9ur7uj2e9mhlwkwfq7w3p0sj3ktme	npub1ef2auczkr2kwa8p3747ft0dvq944k56222prxkxx6x975t8xvfts8l6e8d
